{
  "TB24-250401": 0.0013836580328643322,
  "TB24-250402": 0.0014039583038538694,
  "TB24-250403": 0.0024145401548594236,
  "TB24-250404": 0.0012531282845884562,
  "TB24-250405": 0.0032968500163406134,
  "TB24-250406": 0.00228771916590631,
  "TB24-250407": 0.0032513795886188745,
  "TB24-250408": 0.001036528847180307,
  "TB24-250409": 0.0010636390652507544,
  "TB24-250410": 0.0012489036889746785,
  "TB24-250411": 0.0008253171108663082,
  "TB24-250412": 0.001017330796457827,
  "TB24-250413": 0.0013900736812502146,
  "TB24-250414": 0.002360762795433402,
  "TB24-250415": 0.0007491069845855236,
  "TB24-250416": 0.0013851785333827138,
  "TB24-250417": 0.0012086229398846626,
  "TB24-250418": 0.002514032879844308,
  "TB24-250419": 0.0017561080167070031,
  "TB24-250420": 0.0026558039244264364,
  "TB24-250421": 0.0009611994028091431,
  "TB24-250422": 0.0007778837461955845,
  "TB24-250423": 0.0009006641339510679,
  "TB24-250424": 0.0009205056121572852,
  "TB24-250425": 0.0011061659315600991,
  "TB24-250426": 0.0037634335458278656,
  "TB24-250427": 0.006018228363245726,
  "TB24-250428": 0.0030538509599864483,
  "TB24-250429": 0.004933708813041449,
  "TB24-250430": 0.002918473444879055,
  "TB24-250431": 0.006585527677088976,
  "TB24-250432": 0.0020440020598471165,
  "TB24-250433": 0.0010752551024779677,
  "TB24-250434": 0.0014647496864199638,
  "TB24-250435": 0.006621315609663725,
  "TB24-250436": 0.00227977498434484,
  "TB24-250437": 0.0013514301972463727,
  "TB24-250438": 0.0019445981597527862,
  "TB24-250439": 0.0013141102390363812,
  "TB24-250440": 0.0021803954150527716,
  "TB24-250441": 0.003934700973331928,
  "TB24-250442": 0.001558335847221315,
  "TB24-250443": 0.0010948525741696358,
  "TB24-250444": 0.0012691060546785593,
  "TB24-250445": 0.00466917222365737,
  "TB24-250446": 0.0011741836788132787,
  "TB24-250447": 0.0033630779944360256,
  "TB24-250448": 0.0009442400769330561,
  "TB24-250449": 0.0014293882995843887,
  "TB24-250450": 0.0009892259258776903,
  "TB24-250451": 0.002097825752571225,
  "TB24-250452": 0.001279328833334148,
  "TB24-250453": 0.026105821132659912,
  "TB24-250454": 0.019057251513004303,
  "TB24-250455": 0.0010713275987654924
}