{
  "TB24-250401": 0.0010659380350261927,
  "TB24-250402": 0.0003818890836555511,
  "TB24-250403": 0.04668514430522919,
  "TB24-250404": 0.0009145851363427937,
  "TB24-250405": 0.0010975657496601343,
  "TB24-250406": 0.00019307751790620387,
  "TB24-250407": 0.0003251951711717993,
  "TB24-250408": 0.00036906389868818223,
  "TB24-250409": 0.00014871664461679757,
  "TB24-250410": 0.0001149192321463488,
  "TB24-250411": 0.00032013951567932963,
  "TB24-250412": 0.0003930284292437136,
  "TB24-250413": 0.0069290511310100555,
  "TB24-250414": 0.008221532218158245,
  "TB24-250415": 0.00013246557500679046,
  "TB24-250416": 0.00029641450964845717,
  "TB24-250417": 0.0003221422084607184,
  "TB24-250418": 0.0005645252531394362,
  "TB24-250419": 0.0008285739459097385,
  "TB24-250420": 0.00020813275477848947,
  "TB24-250421": 0.0004161687393207103,
  "TB24-250422": 0.00016916720778681338,
  "TB24-250423": 0.00010987147834384814,
  "TB24-250424": 0.0004216583620291203,
  "TB24-250425": 0.00021449956693686545,
  "TB24-250426": 0.0013310823123902082,
  "TB24-250427": 0.0011859760852530599,
  "TB24-250428": 0.0014527486637234688,
  "TB24-250429": 0.00864297803491354,
  "TB24-250430": 0.0007454256992787123,
  "TB24-250431": 0.00036467917379923165,
  "TB24-250432": 0.0003304786514490843,
  "TB24-250433": 0.0009576927404850721,
  "TB24-250434": 0.0005455962964333594,
  "TB24-250435": 0.0026557445526123047,
  "TB24-250436": 0.0022419525776058435,
  "TB24-250437": 0.001010123291052878,
  "TB24-250438": 0.00023385508393403143,
  "TB24-250439": 0.00037165230605751276,
  "TB24-250440": 0.002180676907300949,
  "TB24-250441": 0.0014902239199727774,
  "TB24-250442": 0.0006635788595303893,
  "TB24-250443": 0.00032226150506176054,
  "TB24-250444": 0.00027938917628489435,
  "TB24-250445": 0.0003384646843187511,
  "TB24-250446": 0.00031077617313712835,
  "TB24-250447": 0.005489063914865255,
  "TB24-250448": 0.0002777586632873863,
  "TB24-250449": 0.00037634969339706004,
  "TB24-250450": 0.00042620423482730985,
  "TB24-250451": 0.00039241809281520545,
  "TB24-250452": 0.00028767032199539244,
  "TB24-250453": 0.00032835680758580565,
  "TB24-250454": 0.0008768818806856871,
  "TB24-250455": 0.00025927426759153605
}