{
  "test_mse_mean": 0.00038187101017683744,
  "test_mse_std": 0.0015794457867741585,
  "test_mse_p50": 0.00016746374603826553,
  "test_mse_p95": 0.0011203958420082927,
  "test_mse_p99": 0.0030260987114161253,
  "mean_threshold": 0.001949323640755293,
  "anomaly_rate_vs_mean_threshold": 0.022143957737178078
}